{"cameraMode":{"drawMode":0,"name":"Shaded","section":"Shading Mode"},"sceneLighting":false,"audioPlay":false,"sceneViewState":{"m_AlwaysRefresh":false,"showFog":true,"showSkybox":false,"showFlares":true,"showImageEffects":true,"showParticleSystems":true,"showVisualEffectGraphs":true,"m_FxEnabled":true},"in2DMode":false,"pivot":{"x":226.41714477539063,"y":95.31512451171875,"z":-6.703826904296875},"rotation":{"x":-0.009409444406628609,"y":-0.0003028842620551586,"z":0.000002950533598777838,"w":-0.9999557733535767},"size":210.28372192382813,"orthographic":false}