{"cameraMode":{"drawMode":0,"name":"Shaded","section":"Shading Mode"},"sceneLighting":true,"audioPlay":false,"sceneViewState":{"m_AlwaysRefresh":false,"showFog":true,"showSkybox":true,"showFlares":true,"showImageEffects":true,"showParticleSystems":true,"showVisualEffectGraphs":true,"m_FxEnabled":true},"in2DMode":false,"pivot":{"x":0.5809215903282166,"y":0.9416170120239258,"z":-0.015173018909990788},"rotation":{"x":-0.005999904125928879,"y":0.00333319790661335,"z":0.00002003955523832701,"w":0.9999709129333496},"size":1.09466552734375,"orthographic":false}