{"cameraMode":{"drawMode":0,"name":"Shaded","section":"Shading Mode"},"sceneLighting":false,"audioPlay":false,"sceneViewState":{"m_AlwaysRefresh":false,"showFog":true,"showSkybox":false,"showFlares":true,"showImageEffects":true,"showParticleSystems":true,"showVisualEffectGraphs":true,"m_FxEnabled":true},"in2DMode":false,"pivot":{"x":-0.2513169050216675,"y":-0.39525556564331057,"z":-0.004801454953849316},"rotation":{"x":-0.08211035281419754,"y":0.012853285297751427,"z":-0.0010589471785351635,"w":-0.9965406060218811},"size":0.14099158346652986,"orthographic":false}