{"cameraMode":{"drawMode":0,"name":"Shaded","section":"Shading Mode"},"sceneLighting":false,"audioPlay":false,"sceneViewState":{"m_AlwaysRefresh":false,"showFog":true,"showSkybox":false,"showFlares":true,"showImageEffects":true,"showParticleSystems":true,"showVisualEffectGraphs":true,"m_FxEnabled":true},"in2DMode":false,"pivot":{"x":0.8985549807548523,"y":-0.3072207272052765,"z":0.020023226737976075},"rotation":{"x":-0.04885197803378105,"y":0.014213047921657563,"z":-0.0006951302639208734,"w":-0.9987053871154785},"size":0.17638731002807618,"orthographic":false}