{"cameraMode":{"drawMode":0,"name":"Shaded","section":"Shading Mode"},"sceneLighting":false,"audioPlay":false,"sceneViewState":{"m_AlwaysRefresh":false,"showFog":true,"showSkybox":false,"showFlares":true,"showImageEffects":true,"showParticleSystems":true,"showVisualEffectGraphs":true,"m_FxEnabled":true},"in2DMode":false,"pivot":{"x":8.325545310974121,"y":7.77560567855835,"z":-0.1488175392150879},"rotation":{"x":-0.005999904125928879,"y":0.00333319790661335,"z":0.00002003955523832701,"w":0.9999709129333496},"size":18.519447326660158,"orthographic":false}