{"cameraMode":{"drawMode":0,"name":"Shaded","section":"Shading Mode"},"sceneLighting":false,"audioPlay":false,"sceneViewState":{"m_AlwaysRefresh":false,"showFog":true,"showSkybox":false,"showFlares":true,"showImageEffects":true,"showParticleSystems":true,"showVisualEffectGraphs":true,"m_FxEnabled":true},"in2DMode":false,"pivot":{"x":246.88531494140626,"y":118.977783203125,"z":4.790547847747803},"rotation":{"x":-0.0952584445476532,"y":0.011643650010228157,"z":-0.0011141959112137557,"w":-0.9953843951225281},"size":246.73350524902345,"orthographic":false}